type,name,module,path,hash
"csv","agent-manifest","_config","_config/agent-manifest.csv","900abcd98bff433fba3e482526b96072fdaf3b31fae044b10445363126f3a1e5"
"csv","task-manifest","_config","_config/task-manifest.csv","98a5690505c0373efaaf6bf7bd306f2e9a1cd3b937deb1268cda54377ec622a2"
"csv","workflow-manifest","_config","_config/workflow-manifest.csv","f1ff8f0b7040b6e6741499cbd551f78cd12dc16474182cb6bf05906db601071e"
"yaml","manifest","_config","_config/manifest.yaml","d1fec662870c731705a9947f2bae8b115ea9dd8a43b884942cb3cf2eaf53916a"
"csv","default-party","bmgd","bmgd/teams/default-party.csv","d3d3f670e044f8f2224c5545f2b50643c841b958b2316113ca02683ce6f8dfa1"
"csv","game-brain-methods","bmgd","bmgd/workflows/1-preproduction/brainstorm-game/game-brain-methods.csv","9dd6c853bcd04038223abf0263c465381dace3c9b13c9eb637f22ce9dc93210e"
"csv","game-types","bmgd","bmgd/workflows/2-design/gdd/game-types.csv","a44c04d09432c886a7a5a8112474bd32540d8e84de25b308dca0f96e570651fd"
"csv","pattern-categories","bmgd","bmgd/workflows/3-technical/game-architecture/pattern-categories.csv","d9a275931bfed32a65106ce374f2bf8e48ecc9327102a08f53b25818a8c78c04"
"csv","qa-index","bmgd","bmgd/gametest/qa-index.csv","2ee65c867ebd7379f6d170a474f85524acfd2590ae12f3b2f83fb4d4508f4c53"
"jpg","workflow-overview","bmgd","bmgd/docs/workflow-overview.jpg","bdfcbf6abc078f567e8ef741188ea12c9473d2fac501df100fdd66bedce9d09d"
"md","action-platformer","bmgd","bmgd/workflows/2-design/gdd/game-types/action-platformer.md","f1cbe9e9a52acd01ff120d05ce22fa81b30500933f62a3c6c36642280244057c"
"md","adventure","bmgd","bmgd/workflows/2-design/gdd/game-types/adventure.md","06aa57786c2e7ebc7580d501fcdefaabb28933c7b5785d6643bf643f58ae13e7"
"md","agents-guide","bmgd","bmgd/docs/agents-guide.md","aafdf8764822f7c4fbb77310b3a48c0cf362fd00fd3cd81085bd5ecf7075babc"
"md","architecture-template","bmgd","bmgd/workflows/3-technical/game-architecture/templates/architecture-template.md","a4908c181b04483c589ece1eb09a39f835b8a0dcb871cb624897531c371f5166"
"md","backlog-template","bmgd","bmgd/workflows/4-production/code-review/backlog-template.md","84b1381c05012999ff9a8b036b11c8aa2f926db4d840d256b56d2fa5c11f4ef7"
"md","balance-testing","bmgd","bmgd/gametest/knowledge/balance-testing.md","01843831d603883219828afbe19784864464277f3bcddb2c104ff05bedbb8053"
"md","card-game","bmgd","bmgd/workflows/2-design/gdd/game-types/card-game.md","6b9298ace2607c8e93d64533e6406828053234282e4977e4407faa2e9302fd0a"
"md","certification-testing","bmgd","bmgd/gametest/knowledge/certification-testing.md","9e7f57aac247f9c4d384b498f749e2e2376b8706066fb60d3e7b9c27d3ffccab"
"md","checklist","bmgd","bmgd/workflows/1-preproduction/game-brief/checklist.md","3516d66cffceb3e5ab23e1ddc9aaed8c0335eb0755e7437488cdebff96162395"
"md","checklist","bmgd","bmgd/workflows/2-design/gdd/checklist.md","d733c5d0118d692710fb7af3018239f4fc01c47fe122437db6d8477d697b3fb3"
"md","checklist","bmgd","bmgd/workflows/2-design/narrative/checklist.md","9bcfa41212cd74869199dba1a7d9cd5691e2bbc49e6b74b11e51c32955477524"
"md","checklist","bmgd","bmgd/workflows/3-technical/game-architecture/checklist.md","1594e633febf7e00b4fa21189cab5ea3a07cb6107eb6b39521780224cdc2c3dc"
"md","checklist","bmgd","bmgd/workflows/4-production/code-review/checklist.md","e30d2890ba5c50777bbe04071f754e975a1d7ec168501f321a79169c4201dd28"
"md","checklist","bmgd","bmgd/workflows/4-production/correct-course/checklist.md","3a6fc88acc293c8527f88d6ca83c670aa5158ac3333fecfc4b53b6352e8f970d"
"md","checklist","bmgd","bmgd/workflows/4-production/create-story/checklist.md","3eacc5cfd6726ab0ea0ba8fe56d9bdea466964e6cc35ed8bfadeb84307169bdc"
"md","checklist","bmgd","bmgd/workflows/4-production/dev-story/checklist.md","630b68c6824a8785003a65553c1f335222b17be93b1bd80524c23b38bde1d8af"
"md","checklist","bmgd","bmgd/workflows/4-production/sprint-planning/checklist.md","80b10aedcf88ab1641b8e5f99c9a400c8fd9014f13ca65befc5c83992e367dd7"
"md","checklist","bmgd","bmgd/workflows/bmgd-quick-flow/quick-dev/checklist.md","ff1cf84e9a2c2388173c7756240266c30b2b7fe987955f996173c5740aa7cc9f"
"md","checklist","bmgd","bmgd/workflows/bmgd-quick-flow/quick-prototype/checklist.md","0c35f21e09728530d299635447e63a8fc664f0a836e1851a091d97c7c479971a"
"md","checklist","bmgd","bmgd/workflows/gametest/automate/checklist.md","b2eefabfba15ccf30a49d46eb0e2b3f9e88304e1c1bbe6febe00d1006d85e155"
"md","checklist","bmgd","bmgd/workflows/gametest/performance/checklist.md","20ab16701d3b0e51b90bcf394f9a74afc40e3db8e04dbdc6fff6f88287639954"
"md","checklist","bmgd","bmgd/workflows/gametest/playtest-plan/checklist.md","7d504957f7edb22081f5ae01b6f35db118414c33b4f612b6cd08b5f71645cbf3"
"md","checklist","bmgd","bmgd/workflows/gametest/test-design/checklist.md","5346d6af9545fed2f338834d58624b84598e4527cc21718b77bf9166b8a80840"
"md","checklist","bmgd","bmgd/workflows/gametest/test-framework/checklist.md","cb4e9255f7386eed2244e77d74a9086980950f3d62927f38f6ee7707676c1a39"
"md","checklist","bmgd","bmgd/workflows/gametest/test-review/checklist.md","2444685b29ed742dacfbab77f17cfbc17bd2fd4f91917afb01eb2b9c3f33ffca"
"md","compatibility-testing","bmgd","bmgd/gametest/knowledge/compatibility-testing.md","52647005c34e8219084c35536c6bcdec284936cdaf215cd0c6d130804f3823d7"
"md","fighting","bmgd","bmgd/workflows/2-design/gdd/game-types/fighting.md","52e5a142aac496ae7154fc0829bfbce1ef22296f0a464cf8e595aa14ca02eb86"
"md","game-brief-template","bmgd","bmgd/workflows/1-preproduction/game-brief/templates/game-brief-template.md","6d5555fae3763e8528898663d51276e0cc7d2d9725a8c74162d8e9732dbc5843"
"md","game-context","bmgd","bmgd/workflows/1-preproduction/brainstorm-game/game-context.md","d0f5cb4d6151bb65b799676281ea2af0fe1b5ec227c92ceba655ba363e18a0ba"
"md","game-types-guide","bmgd","bmgd/docs/game-types-guide.md","52cd7469329dae40f6a235550a3b9a43cdcedc563631a382db48667462c067fe"
"md","gdd-template","bmgd","bmgd/workflows/2-design/gdd/templates/gdd-template.md","070ccbb7f491dc1b1d126245c2e4db4a55dbc5a7ee6a6df4be521ca70e3c9ea6"
"md","glossary","bmgd","bmgd/docs/glossary.md","1c4642898e7555452ecc3b9eadd2b05308c612b420a1d6e858b0f98a8047174d"
"md","godot-testing","bmgd","bmgd/gametest/knowledge/godot-testing.md","8877e3e5d910e81d040e6f8a6a727341f788ecf96f619305e7fbb79a78fa0eff"
"md","horror","bmgd","bmgd/workflows/2-design/gdd/game-types/horror.md","7ff7599d5701bb7a8ef0e14f3ba614626cdd0d8960a8e880fc1cd41c5f508f75"
"md","idle-incremental","bmgd","bmgd/workflows/2-design/gdd/game-types/idle-incremental.md","515b52bb301e467c1f096cc55abde47159bb0b0d87157b9fa565973b48601ddf"
"md","index","bmgd","bmgd/docs/index.md","84aec4633688401c9b0be15d4f22dca889db59a9d253b1bac9acadf1de118d7f"
"md","input-testing","bmgd","bmgd/gametest/knowledge/input-testing.md","331c6c844db592deac86847e3982b5fad8ebb7ead322ab637093f92152bfe90d"
"md","instructions","bmgd","bmgd/workflows/1-preproduction/brainstorm-game/instructions.md","6baa8ac80f30b7925bbb4a6b9b4aa77f1cc4e8d80d5e04ed1aff7538bd45cfc5"
"md","instructions","bmgd","bmgd/workflows/1-preproduction/game-brief/instructions.md","eed7269b51ac55d86986fd17b43d05f48be22321444a5f927e7ddfb1f5b4efe2"
"md","instructions","bmgd","bmgd/workflows/3-technical/game-architecture/instructions.md","be11651fedcb8573dabb80920dd25240306699e2b97ce6864e5a3a9e747f6198"
"md","instructions","bmgd","bmgd/workflows/4-production/correct-course/instructions.md","028597050baab4a6b218ceb5ae6e81bc4fb044f891bd5abc0e9a78f4f82d8862"
"md","instructions","bmgd","bmgd/workflows/4-production/retrospective/instructions.md","a98d0907a85c9af533e251cb41b75296cc6d4e126b826f043a2a652a094227d3"
"md","instructions","bmgd","bmgd/workflows/4-production/sprint-planning/instructions.md","6b4163d6aad7656cb88c464ce03eb70fa01969f643541fa8c92e9698d317974c"
"md","instructions","bmgd","bmgd/workflows/4-production/sprint-status/instructions.md","0e47a299bda42dc57ff86b84ce070d73f00485e949042a19531c46380e42d50f"
"md","instructions","bmgd","bmgd/workflows/bmgd-quick-flow/create-tech-spec/instructions.md","f1a179db6c73ae71cd30b9e8269672b6ba7b8c2fac9d9b63c331f5186d2f3931"
"md","instructions","bmgd","bmgd/workflows/bmgd-quick-flow/quick-dev/instructions.md","f2090e0f5045b68166ef3134046a063223ff59d392c2d56b79f31c3f353c47f3"
"md","instructions","bmgd","bmgd/workflows/bmgd-quick-flow/quick-prototype/instructions.md","96ea0a4da3e3dacf1710196987d521137bdd7f57e7bca21a0084596973e7b78c"
"md","instructions","bmgd","bmgd/workflows/gametest/automate/instructions.md","7aebebfe598f68454bd837b2ba9d41f3c50623091dc828311f5a41eb51d26f69"
"md","instructions","bmgd","bmgd/workflows/gametest/performance/instructions.md","d9582aa836748b18ae118fd6f7eb06d5d6a2453aa49aa24b0dfe8f3431d3dbd9"
"md","instructions","bmgd","bmgd/workflows/gametest/playtest-plan/instructions.md","831ae91b56224d21d29fbbbc97179f5d4aa59213f93c8a481b2001f757f78b8a"
"md","instructions","bmgd","bmgd/workflows/gametest/test-design/instructions.md","0a9fc1315e87ed52f8df570a13b28a24e731578e66a64643cd1c18dfb8242ff4"
"md","instructions","bmgd","bmgd/workflows/gametest/test-framework/instructions.md","d37520d263e3600cba4082b04ea0c038f45e73e9c0d13fac6abd71df45aca537"
"md","instructions","bmgd","bmgd/workflows/gametest/test-review/instructions.md","9d04e7f79d6dbed1064e52a1d7bfebb1328b073d02fdca2d305cffdd1a0eabea"
"md","instructions","bmgd","bmgd/workflows/workflow-status/init/instructions.md","cda190da90e0b61c83e54b354c8f2627656e75bda5aef6b5021e3f4801038089"
"md","instructions","bmgd","bmgd/workflows/workflow-status/instructions.md","fce63f6362e999d15a31881ab5b8550eb4b7e3422cc36d1d22929e753ee45c94"
"md","instructions-narrative","bmgd","bmgd/workflows/2-design/narrative/instructions-narrative.md","7086d905f763b67d62ed6ff283b3921d584a603a08fe53946d96ba07b3616bf2"
"md","localization-testing","bmgd","bmgd/gametest/knowledge/localization-testing.md","6eee5cccfd9a81db853a8aa2327bd5f898276155a0868758a2c76c6e9094d0fe"
"md","metroidvania","bmgd","bmgd/workflows/2-design/gdd/game-types/metroidvania.md","2a8c101dda7911d1cd1d9c66d1be86af3725832f5dcc7fab71e95204f45614ea"
"md","moba","bmgd","bmgd/workflows/2-design/gdd/game-types/moba.md","92d0ba9f7508a38d5bfeac1651c6aee8a1a58c54659ad3f0e0d1fd678a1ef498"
"md","multiplayer-testing","bmgd","bmgd/gametest/knowledge/multiplayer-testing.md","51ac9e47ba1a8ddae7720d301f97596d67d72252d91cd44338fd73353fc5969d"
"md","narrative-template","bmgd","bmgd/workflows/2-design/narrative/templates/narrative-template.md","a97e07173c540f85e946eb9c525e1ccad9294ae5f970760f2a9c537b5c0dcd6b"
"md","party-game","bmgd","bmgd/workflows/2-design/gdd/game-types/party-game.md","0cc50b3aede0c45c94cdff743cdac2d8ad67421ea80497a29d2300a1744ea703"
"md","performance-template","bmgd","bmgd/workflows/gametest/performance/performance-template.md","4bd04e73953f2f3dedff20b9032f99023656f141f21c080e49f15060c64ffa80"
"md","performance-testing","bmgd","bmgd/gametest/knowledge/performance-testing.md","b9acfb6f8d20b9f9d2e7b83419298f3053f6fc5dab5cb9005898d133556c09fe"
"md","playtest-template","bmgd","bmgd/workflows/gametest/playtest-plan/playtest-template.md","8fa7654007f4f881f0167cb252b6b9ca63c0735fb9e6ef63a4bc81954b428f47"
"md","playtesting","bmgd","bmgd/gametest/knowledge/playtesting.md","bd989a375d3e444da9b892bf0e33ed98c9f9d88f578f260501c3eaf7553d0b3c"
"md","project-context-template","bmgd","bmgd/workflows/3-technical/generate-project-context/project-context-template.md","4816f83b0edc8c7e19a57e4a4a6419ca40953fc7dcd48326700f2876e77c60fa"
"md","puzzle","bmgd","bmgd/workflows/2-design/gdd/game-types/puzzle.md","f9c08b6f087bfaa41ea08c9dfa78aa034f5ae46b627b9f476bdf8b4f5c3389ed"
"md","qa-automation","bmgd","bmgd/gametest/knowledge/qa-automation.md","1de6d14ea9299a2b73a2da33dff6c5b4c1bf5757365a5449968589baaa123cbc"
"md","quick-flow-guide","bmgd","bmgd/docs/quick-flow-guide.md","b7ae5a9c0694ee752d3e7532f6aea27f4d6cd24bcb32eb0091434c35426882b6"
"md","quick-start","bmgd","bmgd/docs/quick-start.md","b1f0b1a61705c22ff5d9d4a0f2ff3cb746fd91854eb1222866c8ddc39331818e"
"md","racing","bmgd","bmgd/workflows/2-design/gdd/game-types/racing.md","085ea5d0914d7bc6a233c479d0ad6288a575ad1c8b9a8a85881e779fac0e60fc"
"md","regression-testing","bmgd","bmgd/gametest/knowledge/regression-testing.md","bbf85811219194de9df3499277f93427d2cc623384a8f1ac22726067ab6426dd"
"md","rhythm","bmgd","bmgd/workflows/2-design/gdd/game-types/rhythm.md","83bbf1761fdc604b8c2b50ed86c5874cce331417e1b3a46c65cb6c4c1a7c8db2"
"md","roguelike","bmgd","bmgd/workflows/2-design/gdd/game-types/roguelike.md","fb1ebc838011020a6f740e6fb4f2ceb81be8477f9c67bc7ae3a8e34dfe548f00"
"md","rpg","bmgd","bmgd/workflows/2-design/gdd/game-types/rpg.md","5aa57ecefb448a0507ee0c8d503b43bd34d0c612ba130240d1af9842b80cba50"
"md","sandbox","bmgd","bmgd/workflows/2-design/gdd/game-types/sandbox.md","836f656bbaae549f31ac574c0865a61de451c08ab8c561db2c93398e147ece85"
"md","save-testing","bmgd","bmgd/gametest/knowledge/save-testing.md","b64e42def93f604dcfadd6ed81c8950e1d0eb75d936f1da7de3f727323e76201"
"md","shooter","bmgd","bmgd/workflows/2-design/gdd/game-types/shooter.md","2452850295ac2b9fac04ce2d6126bfc19bb7dccbb04c40e7f89c801aecc5555d"
"md","simulation","bmgd","bmgd/workflows/2-design/gdd/game-types/simulation.md","fd74a7d21243f8d9827fe6a99263579309bc0aabd9e56261d3dd4eb5cfc75ad5"
"md","smoke-testing","bmgd","bmgd/gametest/knowledge/smoke-testing.md","41843100e39f9a2d48316623d979cfdeed5f0977db5241a1a52f1049301dcd6f"
"md","sports","bmgd","bmgd/workflows/2-design/gdd/game-types/sports.md","2247ea87dbca74e879f8c686d9e80434618e9e61bd3572739274c1af64cb0bb8"
"md","step-01-discover","bmgd","bmgd/workflows/3-technical/generate-project-context/steps/step-01-discover.md","1e2e2b6b048891995a8cc18555f09f9442cb318b53b362fa61c2f4856756af26"
"md","step-01-init","bmgd","bmgd/workflows/1-preproduction/brainstorm-game/steps/step-01-init.md","74f7d2fa1c4b47c58a3f86465ae935b9fc555ded6f1cfc3f1738f781c61c2c92"
"md","step-01-init","bmgd","bmgd/workflows/1-preproduction/game-brief/steps/step-01-init.md","9afc7a629462711d7cf38d6c8479e6156a198b240e2eec258b3274fbe16dd7af"
"md","step-01-init","bmgd","bmgd/workflows/2-design/gdd/steps/step-01-init.md","2e19399c6f865a8a7927397f51529cccd5eadb74cc4f128917ced3bc8ad893cc"
"md","step-01-init","bmgd","bmgd/workflows/2-design/narrative/steps/step-01-init.md","d8ef3c1f45ad46ce563d0ccc416d5bc7f128aa1df1668959799be664ad3ca203"
"md","step-01-init","bmgd","bmgd/workflows/3-technical/game-architecture/steps/step-01-init.md","66bbe7d5762c3da0c118e4a37425b9bf207ce08eb9a606bdcfa802ec1d1d80bf"
"md","step-01b-continue","bmgd","bmgd/workflows/1-preproduction/game-brief/steps/step-01b-continue.md","f14b4bdc8249760db23f98c5f5072c495eed042e581b2f8ee19c6c2f4e7b2de6"
"md","step-01b-continue","bmgd","bmgd/workflows/2-design/gdd/steps/step-01b-continue.md","38829a61d842d898c9d3e0f282beccfc9a334d5998c83c2be81dca07e9d2f940"
"md","step-01b-continue","bmgd","bmgd/workflows/2-design/narrative/steps/step-01b-continue.md","2fcda2e6a69694c779a0d370ff564e69e56ac28c72bba4b52eedd692df76b7dd"
"md","step-01b-continue","bmgd","bmgd/workflows/3-technical/game-architecture/steps/step-01b-continue.md","3a2906f67016a674fa4f93632b91be3934e60ab8f35fb9be71ad1679f7e2b714"
"md","step-02-context","bmgd","bmgd/workflows/1-preproduction/brainstorm-game/steps/step-02-context.md","34645b659a0611ad63ff2aa372d78e882f629c1b27a86ea40de0d337b16ef55f"
"md","step-02-context","bmgd","bmgd/workflows/2-design/gdd/steps/step-02-context.md","d2b6cd878409d23dc99604729e4c0c4fbf9dbd703f4ac5be8118635c4ae9ac48"
"md","step-02-context","bmgd","bmgd/workflows/3-technical/game-architecture/steps/step-02-context.md","6766740d6ddb79d544e3cec30b8befafa0d952a147b2e8c11f5a595ba7078deb"
"md","step-02-foundation","bmgd","bmgd/workflows/2-design/narrative/steps/step-02-foundation.md","58fe9e8b61f907eb1aaf9846144752292c0119b5caca825f96a2ce54aca41b83"
"md","step-02-generate","bmgd","bmgd/workflows/3-technical/generate-project-context/steps/step-02-generate.md","32b549da11f26e91c876c035131fbf87f980d76432b25d6d2405ff15ccb72ff0"
"md","step-02-vision","bmgd","bmgd/workflows/1-preproduction/game-brief/steps/step-02-vision.md","820a143eed9b9c1e00e82d7c3af7b811dd9d59512bddbd3036e6c97c148b1e10"
"md","step-03-complete","bmgd","bmgd/workflows/3-technical/generate-project-context/steps/step-03-complete.md","a1c44dfd494bac04ca0d8c691093f595d000c1d30f15e7cb2b5c188520d65162"
"md","step-03-ideation","bmgd","bmgd/workflows/1-preproduction/brainstorm-game/steps/step-03-ideation.md","eb9e830e83a5880b569623ebe9719d0c633bb482aa9689277a403072f913cb2e"
"md","step-03-market","bmgd","bmgd/workflows/1-preproduction/game-brief/steps/step-03-market.md","5ed609552b6d1c4df73370d0b7a150e45acc9dd065a48394469e38ce7ba87c02"
"md","step-03-platforms","bmgd","bmgd/workflows/2-design/gdd/steps/step-03-platforms.md","ad5b520c4ec20f1ea93cefd2f4d22cd1ccadc95c0a966b26d70de72af6b939c5"
"md","step-03-starter","bmgd","bmgd/workflows/3-technical/game-architecture/steps/step-03-starter.md","af1b8c62f24cd92268f4fc45a4fa791ad7ee5eb3794b6015f184df04bbddba09"
"md","step-03-story","bmgd","bmgd/workflows/2-design/narrative/steps/step-03-story.md","ba1570d2794df09a5350f7ee489f0d26158845233cba2905c13ef3a190ea84e2"
"md","step-04-characters","bmgd","bmgd/workflows/2-design/narrative/steps/step-04-characters.md","b38fdf1f82d4202823bf39ac4d58846ef5ac9cf6e0a78049ca96361fd813ba04"
"md","step-04-complete","bmgd","bmgd/workflows/1-preproduction/brainstorm-game/steps/step-04-complete.md","aebd893ba4f1ae8c92d5c70a0f2c8961b21faccd09938d10bad405b97c623d82"
"md","step-04-decisions","bmgd","bmgd/workflows/3-technical/game-architecture/steps/step-04-decisions.md","36fbffaa105cc41e35d5989cf937d46a94415fd2d685904535a930cffc19705b"
"md","step-04-fundamentals","bmgd","bmgd/workflows/1-preproduction/game-brief/steps/step-04-fundamentals.md","e7866e25a6f363c561d18b5b2be3a93880f4511b091646e7f8663fb28a880c40"
"md","step-04-vision","bmgd","bmgd/workflows/2-design/gdd/steps/step-04-vision.md","cf2084e9d280cf1854e23090b79895eaed8d29b1b3a6a9ded3b4926b68519a7d"
"md","step-05-core-gameplay","bmgd","bmgd/workflows/2-design/gdd/steps/step-05-core-gameplay.md","3e8e8b808c34104a3b58003286ae790ae83b528e02308dac17f9f080abb2433d"
"md","step-05-crosscutting","bmgd","bmgd/workflows/3-technical/game-architecture/steps/step-05-crosscutting.md","fdd501726b7e05132e1bf424e31a0220d38c6b81241de76b076b5c5f11dc89c2"
"md","step-05-scope","bmgd","bmgd/workflows/1-preproduction/game-brief/steps/step-05-scope.md","172c0f1fcab8ec6c4c609a50955a9c8e47035927958990923320efbf1cb39d5d"
"md","step-05-world","bmgd","bmgd/workflows/2-design/narrative/steps/step-05-world.md","2eb39cb9dbf86d7b0d72bb25af0b4f159a88ab69dd67547f4d1b808a272cd557"
"md","step-06-dialogue","bmgd","bmgd/workflows/2-design/narrative/steps/step-06-dialogue.md","75ed7205bd8c353e5ea9961cbfd2feed8aa2699d5e342d6fc0caeb5d156c7075"
"md","step-06-mechanics","bmgd","bmgd/workflows/2-design/gdd/steps/step-06-mechanics.md","fffa05ac3aa20d9f604c7b387ee6ce242cd67f6de2225fc6908224f03aa45907"
"md","step-06-references","bmgd","bmgd/workflows/1-preproduction/game-brief/steps/step-06-references.md","b94f5efd0c70021ca5534c0f1713805a5db2f7f0450900557d95fc1add1165f7"
"md","step-06-structure","bmgd","bmgd/workflows/3-technical/game-architecture/steps/step-06-structure.md","0e5bf612d7383523a078b649947cbfb13df71753c0ff0e72a7588997cb3de27f"
"md","step-07-content","bmgd","bmgd/workflows/1-preproduction/game-brief/steps/step-07-content.md","e86e5eda127a057268ef1300d55e5310eb98b04576dfc530ad3888e7a00e73ec"
"md","step-07-environmental","bmgd","bmgd/workflows/2-design/narrative/steps/step-07-environmental.md","4260c73b9343cd3caa2df1824a6c030d08b55c2e22f2b1303e857e849a219e11"
"md","step-07-game-type","bmgd","bmgd/workflows/2-design/gdd/steps/step-07-game-type.md","a3a13f865fef1e9d68e09a1e572c9be68ba3b2ee39188d0403eb36256da0d7aa"
"md","step-07-patterns","bmgd","bmgd/workflows/3-technical/game-architecture/steps/step-07-patterns.md","3e49ac2cac0cf7789a9463fd5f467ce0077bcf89933c59c500ef0731f32631dd"
"md","step-08-complete","bmgd","bmgd/workflows/1-preproduction/game-brief/steps/step-08-complete.md","3fa159db2fed072aacdd006f015f83460875bf582e6462f6054d3c88cb112c32"
"md","step-08-delivery","bmgd","bmgd/workflows/2-design/narrative/steps/step-08-delivery.md","b4dc6e2e4f89878ec892854d889a18a8ce7fc5da04b8577be6bac86611227ac0"
"md","step-08-progression","bmgd","bmgd/workflows/2-design/gdd/steps/step-08-progression.md","4db9458e62d555f92a9f6eb08d27895621634d0261c0dade9d529c5c91210c5c"
"md","step-08-validation","bmgd","bmgd/workflows/3-technical/game-architecture/steps/step-08-validation.md","2f7ea569342873d6d32e9b57d111a26016ff1e912c3a284309385dc4be0b263a"
"md","step-09-complete","bmgd","bmgd/workflows/3-technical/game-architecture/steps/step-09-complete.md","9692e890a256e9d6c546c9d3c247b3a15cb07224e0f253f50f48a7792578ac30"
"md","step-09-integration","bmgd","bmgd/workflows/2-design/narrative/steps/step-09-integration.md","7589dabc7109f279948042fb0c3aab86d46eb8abf7f948f069e65efdfe3fe0c2"
"md","step-09-levels","bmgd","bmgd/workflows/2-design/gdd/steps/step-09-levels.md","24178b005fc879d4e424c1f49df5b74b01f07993ee2f1991a68e0f15b57b8c49"
"md","step-10-art-audio","bmgd","bmgd/workflows/2-design/gdd/steps/step-10-art-audio.md","871536991e1cb2b1765ef576c0ad1537794d5f0769e7c330c0c9e4ca301fc965"
"md","step-10-production","bmgd","bmgd/workflows/2-design/narrative/steps/step-10-production.md","d58dca0dcbe2ad3e9ce8ba6aa944ebda0e51ff01786ae58c47d0bfd60e04a97a"
"md","step-11-complete","bmgd","bmgd/workflows/2-design/narrative/steps/step-11-complete.md","94eb42c655ef6c0082dd40c155cbac9ba9ffed1e653952f99ec16bc363ca9962"
"md","step-11-technical","bmgd","bmgd/workflows/2-design/gdd/steps/step-11-technical.md","6efcdba2e89b38918f130ef84134bfeae82eaf9e6ab0e03b184b1269423b8cd6"
"md","step-12-epics","bmgd","bmgd/workflows/2-design/gdd/steps/step-12-epics.md","e01c92422e1fc028a8122d9a166b1d6c5b38b7cdf1b88004d64ec00b970a7610"
"md","step-13-metrics","bmgd","bmgd/workflows/2-design/gdd/steps/step-13-metrics.md","cb93332f8add91f727c63181482a5e61a4da7f7f1606f5ce8dabe8b1e665f885"
"md","step-14-complete","bmgd","bmgd/workflows/2-design/gdd/steps/step-14-complete.md","cda2604d13b55fd6862f96767c0b759a351332dd5791a18b31d25b0dfb3eeb16"
"md","strategy","bmgd","bmgd/workflows/2-design/gdd/game-types/strategy.md","997380919f6c1b408906c364f74e728b9c6b45bf2960d1f0bfe8b0def594735e"
"md","survival","bmgd","bmgd/workflows/2-design/gdd/game-types/survival.md","3647795ee0073a85217633412a41a938e51a553776acbe9ac953fb403e3437f9"
"md","template","bmgd","bmgd/workflows/4-production/create-story/template.md","29ba697368d77e88e88d0e7ac78caf7a78785a7dcfc291082aa96a62948afb67"
"md","test-design-template","bmgd","bmgd/workflows/gametest/test-design/test-design-template.md","3e1811023e6bf76ac1157903999380041fddffdddadfea18ec5872242d1d5eb1"
"md","test-priorities","bmgd","bmgd/gametest/knowledge/test-priorities.md","bf1c726cfcbd44511a97820e1c4d4de1f4b2579ca97cd216f91b91fbeb72e04a"
"md","test-review-template","bmgd","bmgd/workflows/gametest/test-review/test-review-template.md","62f64abc9e42f3014f65b7a663477ea2ae84eea7da423508761535da67d9ad0f"
"md","text-based","bmgd","bmgd/workflows/2-design/gdd/game-types/text-based.md","5895ca65dc93f676bb33b754f2c6be85d5d9b651df87d8431d404dc9bb736ee7"
"md","tower-defense","bmgd","bmgd/workflows/2-design/gdd/game-types/tower-defense.md","03a2cc577fdd1a183ba04409b01b22f2f38713d28f1278481b0f221858f97ec8"
"md","troubleshooting","bmgd","bmgd/docs/troubleshooting.md","26c5e87260a6b69f4c0a839d0a3706dcafb1264e6a978e33998895774be5e9eb"
"md","turn-based-tactics","bmgd","bmgd/workflows/2-design/gdd/game-types/turn-based-tactics.md","30a150d8a0ab746f0c67d414be79e7e421fff1b8b7a1b716e64800df72bdb6c2"
"md","unity-testing","bmgd","bmgd/gametest/knowledge/unity-testing.md","24137ebc37c270a8f1a32067ad33647aafd0bab5f4e46706241e5a3820831aee"
"md","unreal-testing","bmgd","bmgd/gametest/knowledge/unreal-testing.md","f20b9d11648ab7916df921183840bc5f8d452e98b54ef447f2ef94054b04b159"
"md","visual-novel","bmgd","bmgd/workflows/2-design/gdd/game-types/visual-novel.md","2d98f4c682f0abbd6330ac1bad04600c596e6b27302adbe9510fc0c0bf53052c"
"md","workflow","bmgd","bmgd/workflows/1-preproduction/brainstorm-game/workflow.md","a716b0aa263495415b1de0c08bb183cd193730920fed1a9848bdc9bbc095c318"
"md","workflow","bmgd","bmgd/workflows/1-preproduction/game-brief/workflow.md","851c0a7ce55aca64511ad61abe34d81f77713df525a79579125cc6801120740e"
"md","workflow","bmgd","bmgd/workflows/2-design/gdd/workflow.md","756afb87e4ba2a2f6c923dc7157f532eaeae044bc1a26ded64bfc495e1dc903c"
"md","workflow","bmgd","bmgd/workflows/2-design/narrative/workflow.md","37e27f326c248f820b8440f875acdd0b1fc83a158f2726054b175ab74bedd090"
"md","workflow","bmgd","bmgd/workflows/3-technical/game-architecture/workflow.md","b7fde5dbb6532e2e9c1fa3e538ecbc5762770728f86e7aa20a5fa68ac885f4e2"
"md","workflow","bmgd","bmgd/workflows/3-technical/generate-project-context/workflow.md","9d68a50d6ddde55fabed410099a152c8f07cbcbd1791ae832440637119a66db7"
"md","workflows-guide","bmgd","bmgd/docs/workflows-guide.md","e167d0f1bb72356632e1f0841b0a60d61e5aa18e72bfa6384fa3936e3e3e0c18"
"xml","instructions","bmgd","bmgd/workflows/4-production/code-review/instructions.xml","80d43803dced84f1e754d8690fb6da79e5b21a68ca8735b9c0ff709c49ac31ff"
"xml","instructions","bmgd","bmgd/workflows/4-production/create-story/instructions.xml","1c010269f7473cd477d1bc7581a737062a79cda7b61e30aca7f80d946422bb11"
"xml","instructions","bmgd","bmgd/workflows/4-production/dev-story/instructions.xml","a2e824fbbf54ace573c22717c73639ab7ce74914cb7e5aecca954d2801187725"
"yaml","architecture-patterns","bmgd","bmgd/workflows/3-technical/game-architecture/architecture-patterns.yaml","00b9878fd753b756eec16a9f416b4975945d6439e1343673540da4bccb0b83f5"
"yaml","config","bmgd","bmgd/config.yaml","d22a3335665ab576491848698815441ae09065b14e7fc84fd5ca70323ee0a4b1"
"yaml","decision-catalog","bmgd","bmgd/workflows/3-technical/game-architecture/decision-catalog.yaml","f7fc2ed6ec6c4bd78ec808ad70d24751b53b4835e0aad1088057371f545d3c82"
"yaml","gamedev-brownfield","bmgd","bmgd/workflows/workflow-status/paths/gamedev-brownfield.yaml","5bc8b6da93f6b23f887e2d2c58fb069a3f19940ec02ae82a3dafbc7cecd98a3e"
"yaml","gamedev-greenfield","bmgd","bmgd/workflows/workflow-status/paths/gamedev-greenfield.yaml","b17fd2e60428fdbf32af9ad30b85b2016d2738f175045f3c41e742ce5dfeb9e6"
"yaml","project-levels","bmgd","bmgd/workflows/workflow-status/project-levels.yaml","7faae979120ac99048febb151d290c07ff1a3f75f45a843c225c907c21e523b2"
"yaml","quickflow-brownfield","bmgd","bmgd/workflows/workflow-status/paths/quickflow-brownfield.yaml","903a50326fca404d8ad022cf0e664a7e0c80bdcafaa225dc1dc4839ea2bfb03a"
"yaml","quickflow-greenfield","bmgd","bmgd/workflows/workflow-status/paths/quickflow-greenfield.yaml","3f072164aeb118f3cef2829e5c783345ddb4216099da9111c25f53d8688e1d65"
"yaml","sprint-status-template","bmgd","bmgd/workflows/4-production/sprint-planning/sprint-status-template.yaml","de75fe50bd5e3f4410ccc99fcd3f5dc958733b3829af1b13b4d7b0559bbca22b"
"yaml","team-gamedev","bmgd","bmgd/teams/team-gamedev.yaml","f362ed346e2339a9f07456c3d4cc20431b74c96330c02af902e0324a9fa4ff0d"
"yaml","workflow","bmgd","bmgd/workflows/1-preproduction/brainstorm-game/workflow.yaml","3f8ae6b4b897e93ea877342c767f8cbb97f492ec1557d602596563950178d2e9"
"yaml","workflow","bmgd","bmgd/workflows/1-preproduction/game-brief/workflow.yaml","693c8eef109cb68e0d6fc81f3e638433f3f6e62ab8f6f9c5dd50f353bcb60ecf"
"yaml","workflow","bmgd","bmgd/workflows/2-design/gdd/workflow.yaml","3916778dedc47f6afbce806ff0e52833a2135e66205ae813270c1fdbf194e2a0"
"yaml","workflow","bmgd","bmgd/workflows/2-design/narrative/workflow.yaml","b4974e893276f82be0f7088f2ba40aac85e7313f4e12131fbc0f7079126e688d"
"yaml","workflow","bmgd","bmgd/workflows/3-technical/game-architecture/workflow.yaml","c2ff4e30df343b6b3974bc6ab917b167b6d294ead12f1926cff188616694c165"
"yaml","workflow","bmgd","bmgd/workflows/4-production/code-review/workflow.yaml","b732f8859bf96421ecccf1de21fdbd5ad5522f7b28023a2dd9a3684e976b3db4"
"yaml","workflow","bmgd","bmgd/workflows/4-production/correct-course/workflow.yaml","84f9c6dd74d07572c9dff4944cdf3703fbbd13626a2d648a6cbe1b0e2701027c"
"yaml","workflow","bmgd","bmgd/workflows/4-production/create-story/workflow.yaml","f942ada835a576b574b87b470093049f6906806bd1d787547f9e6ecc73df0f80"
"yaml","workflow","bmgd","bmgd/workflows/4-production/dev-story/workflow.yaml","27fb893e19ba39afa2268d02fd06c4f82291c08103e25776f06f55b4bcf72f2d"
"yaml","workflow","bmgd","bmgd/workflows/4-production/retrospective/workflow.yaml","a3da0b2634d7d0085866212ab8adb99b75d8fc42463dc39b640436ac46a4cefa"
"yaml","workflow","bmgd","bmgd/workflows/4-production/sprint-planning/workflow.yaml","1994fadc4ea0e46df683bdc6b73a1c9b7bf28ca9f321e767dd62ed24eeb930a9"
"yaml","workflow","bmgd","bmgd/workflows/4-production/sprint-status/workflow.yaml","efcc0766c3fef56eaa3422c6b22de90ed12f6ce1d719c4c3c91d08623a1e5283"
"yaml","workflow","bmgd","bmgd/workflows/bmgd-quick-flow/create-tech-spec/workflow.yaml","31ef4cd1c5738cb9f223f7c0e8943bacad7b463a466611bb17ae9848259218fc"
"yaml","workflow","bmgd","bmgd/workflows/bmgd-quick-flow/quick-dev/workflow.yaml","0d725b0e9f7e78da9a0c69b3f62a8ba545525ca64ee364dbd53c9581c86c9514"
"yaml","workflow","bmgd","bmgd/workflows/bmgd-quick-flow/quick-prototype/workflow.yaml","229d15d56d4c68d9e1023b366314185f3efca8af63fc6a7e5735a3b87b58fabb"
"yaml","workflow","bmgd","bmgd/workflows/gametest/automate/workflow.yaml","b2288417061eed7164874a8225733aa6d9fc098ca6700d8043431ee9638c7e07"
"yaml","workflow","bmgd","bmgd/workflows/gametest/performance/workflow.yaml","576a2abbc34d8d2cfeb097baf07a980655a8db3f26ef2371561c00babdbceca9"
"yaml","workflow","bmgd","bmgd/workflows/gametest/playtest-plan/workflow.yaml","b57f9a974a1e28e83181554d6d9705068348e7f9f97487762949a6aa575e5aec"
"yaml","workflow","bmgd","bmgd/workflows/gametest/test-design/workflow.yaml","5a1252742975b2b1fa41dd0d24434e5808306011374004f5d8dd276c8c581374"
"yaml","workflow","bmgd","bmgd/workflows/gametest/test-framework/workflow.yaml","11424fa504c20809e94a574e0e807575fd74abcc4579e4663d111f4e56119d28"
"yaml","workflow","bmgd","bmgd/workflows/gametest/test-review/workflow.yaml","6a1689b44c80c80a23f5cd113757b500a8445a01395de6cbe73e5d18aaada9e6"
"yaml","workflow","bmgd","bmgd/workflows/workflow-status/init/workflow.yaml","3888c2fdf4524b7fd73918b0c0aea148709e9e45b65ed9667df78e2ba8df6429"
"yaml","workflow","bmgd","bmgd/workflows/workflow-status/workflow.yaml","780856bd269f155c99ca2a4fa42896ca697c37b86eb4b7bb2f3901acb5ae3a1f"
"yaml","workflow-status-template","bmgd","bmgd/workflows/workflow-status/workflow-status-template.yaml","5742b41a5b4c23d137ffd89f4097c3c8d0330e116690a24a69ceb56fa3ec5b12"
"csv","default-party","bmm","bmm/teams/default-party.csv","43209253a2e784e6b054a4ac427c9532a50d9310f6a85052d93ce975b9162156"
"csv","documentation-requirements","bmm","bmm/workflows/document-project/documentation-requirements.csv","d1253b99e88250f2130516b56027ed706e643bfec3d99316727a4c6ec65c6c1d"
"csv","domain-complexity","bmm","bmm/workflows/2-plan-workflows/prd/domain-complexity.csv","ed4d30e9fd87db2d628fb66cac7a302823ef6ebb3a8da53b9265326f10a54e11"
"csv","domain-complexity","bmm","bmm/workflows/3-solutioning/create-architecture/data/domain-complexity.csv","cb9244ed2084143146f9f473244ad9cf63d33891742b9f6fbcb6e354fa4f3a93"
"csv","project-types","bmm","bmm/workflows/2-plan-workflows/prd/project-types.csv","7a01d336e940fb7a59ff450064fd1194cdedda316370d939264a0a0adcc0aca3"
"csv","project-types","bmm","bmm/workflows/3-solutioning/create-architecture/data/project-types.csv","12343635a2f11343edb1d46906981d6f5e12b9cad2f612e13b09460b5e5106e7"
"csv","tea-index","bmm","bmm/testarch/tea-index.csv","374a8d53b5e127a9440751a02c5112c66f81bc00e2128d11d11f16d8f45292ea"
"excalidraw","workflow-method-greenfield","bmm","bmm/docs/images/workflow-method-greenfield.excalidraw","78c281ab7aae65ba453806e49e16e01852ef9c6097347171e9f11188afe45d88"
"json","excalidraw-library","bmm","bmm/workflows/excalidraw-diagrams/_shared/excalidraw-library.json","8e5079f4e79ff17f4781358423f2126a1f14ab48bbdee18fd28943865722030c"
"json","project-scan-report-schema","bmm","bmm/workflows/document-project/templates/project-scan-report-schema.json","53255f15a10cab801a1d75b4318cdb0095eed08c51b3323b7e6c236ae6b399b7"
"md","agents-guide","bmm","bmm/docs/agents-guide.md","4fc69109c429c48c6ee658226eb4e852b8ff68fc85212cbfe56545ac8184af74"
"md","api-request","bmm","bmm/testarch/knowledge/api-request.md","93ac674f645cb389aafe08ce31e53280ebc0385c59e585a199b772bb0e0651fb"
"md","architecture-decision-template","bmm","bmm/workflows/3-solutioning/create-architecture/architecture-decision-template.md","5d9adf90c28df61031079280fd2e49998ec3b44fb3757c6a202cda353e172e9f"
"md","atdd-checklist-template","bmm","bmm/workflows/testarch/atdd/atdd-checklist-template.md","b89f46efefbf08ddd4c58392023a39bd60db353a3f087b299e32be27155fa740"
"md","auth-session","bmm","bmm/testarch/knowledge/auth-session.md","b2ee00c5650655311ff54d20dcd6013afb5b280a66faa8336f9fb810436f1aab"
"md","bmad-quick-flow","bmm","bmm/docs/bmad-quick-flow.md","ba820c44cb7bb32b8005b3dc4d771fe21cfe4d91185a5ff2a39c02d8cbf73aeb"
"md","brownfield-guide","bmm","bmm/docs/brownfield-guide.md","26e2cea91f6f890edcddaf615d2decf8650cdd8bce8a7607000f99b4826c507b"
"md","burn-in","bmm","bmm/testarch/knowledge/burn-in.md","5ba3d2abe6b961e5bc3948ab165e801195bff3ee6e66569c00c219b484aa4b5d"
"md","checklist","bmm","bmm/workflows/4-implementation/code-review/checklist.md","e30d2890ba5c50777bbe04071f754e975a1d7ec168501f321a79169c4201dd28"
"md","checklist","bmm","bmm/workflows/4-implementation/correct-course/checklist.md","d3d30482c5e82a84c15c10dacb50d960456e98cfc5a8ddc11b54e14f3a850029"
"md","checklist","bmm","bmm/workflows/4-implementation/create-story/checklist.md","3eacc5cfd6726ab0ea0ba8fe56d9bdea466964e6cc35ed8bfadeb84307169bdc"
"md","checklist","bmm","bmm/workflows/4-implementation/dev-story/checklist.md","630b68c6824a8785003a65553c1f335222b17be93b1bd80524c23b38bde1d8af"
"md","checklist","bmm","bmm/workflows/4-implementation/sprint-planning/checklist.md","80b10aedcf88ab1641b8e5f99c9a400c8fd9014f13ca65befc5c83992e367dd7"
"md","checklist","bmm","bmm/workflows/document-project/checklist.md","2f1edb9e5e0b003f518b333ae842f344ff94d4dda7df07ba7f30c5b066013a68"
"md","checklist","bmm","bmm/workflows/excalidraw-diagrams/create-dataflow/checklist.md","f420aaf346833dfda5454ffec9f90a680e903453bcc4d3e277d089e6781fec55"
"md","checklist","bmm","bmm/workflows/excalidraw-diagrams/create-diagram/checklist.md","6357350a6e2237c1b819edd8fc847e376192bf802000cb1a4337c9584fc91a18"
"md","checklist","bmm","bmm/workflows/excalidraw-diagrams/create-flowchart/checklist.md","45aaf882b8e9a1042683406ae2cfc0b23d3d39bd1dac3ddb0778d5b7165f7047"
"md","checklist","bmm","bmm/workflows/excalidraw-diagrams/create-wireframe/checklist.md","588f9354bf366c173aa261cf5a8b3a87c878ea72fd2c0f8088c4b3289e984641"
"md","checklist","bmm","bmm/workflows/testarch/atdd/checklist.md","d86b1718207a7225e57bc9ac281dc78f22806ac1bfdb9d770ac5dccf7ed8536b"
"md","checklist","bmm","bmm/workflows/testarch/automate/checklist.md","3a8f47b83ad8eff408f7126f7729d4b930738bf7d03b0caea91d1ef49aeb19ee"
"md","checklist","bmm","bmm/workflows/testarch/ci/checklist.md","dfb1ffff2028566d8f0e46a15024d407df5a5e1fad253567f56ee2903618d419"
"md","checklist","bmm","bmm/workflows/testarch/framework/checklist.md","16cc3aee710abb60fb85d2e92f0010b280e66b38fac963c0955fb36e7417103a"
"md","checklist","bmm","bmm/workflows/testarch/nfr-assess/checklist.md","1f070e990c0778b2066f05c31f94c9ddcb97a695e7ae8322b4f487f75fe62d57"
"md","checklist","bmm","bmm/workflows/testarch/test-design/checklist.md","f7ac96d3c61500946c924e1c1924f366c3feae23143c8d130f044926365096e1"
"md","checklist","bmm","bmm/workflows/testarch/test-review/checklist.md","e39f2fb9c2dbfd158e5b5c1602fd15d5dbd3b0f0616d171e0551c356c92416f9"
"md","checklist","bmm","bmm/workflows/testarch/trace/checklist.md","c67b2a1ee863c55b95520db0bc9c1c0a849afee55f96733a08bb2ec55f40ad70"
"md","ci-burn-in","bmm","bmm/testarch/knowledge/ci-burn-in.md","4cdcf7b576dae8b5cb591a6fad69674f65044a0dc72ea57d561623dac93ec475"
"md","component-tdd","bmm","bmm/testarch/knowledge/component-tdd.md","88bd1f9ca1d5bcd1552828845fe80b86ff3acdf071bac574eda744caf7120ef8"
"md","contract-testing","bmm","bmm/testarch/knowledge/contract-testing.md","d8f662c286b2ea4772213541c43aebef006ab6b46e8737ebdc4a414621895599"
"md","data-factories","bmm","bmm/testarch/knowledge/data-factories.md","d7428fe7675da02b6f5c4c03213fc5e542063f61ab033efb47c1c5669b835d88"
"md","deep-dive-instructions","bmm","bmm/workflows/document-project/workflows/deep-dive-instructions.md","8cb3d32d7685e5deff4731c2003d30b4321ef6c29247b3ddbe672c185e022604"
"md","deep-dive-template","bmm","bmm/workflows/document-project/templates/deep-dive-template.md","6198aa731d87d6a318b5b8d180fc29b9aa53ff0966e02391c17333818e94ffe9"
"md","documentation-standards","bmm","bmm/data/documentation-standards.md","fc26d4daff6b5a73eb7964eacba6a4f5cf8f9810a8c41b6949c4023a4176d853"
"md","email-auth","bmm","bmm/testarch/knowledge/email-auth.md","43f4cc3138a905a91f4a69f358be6664a790b192811b4dfc238188e826f6b41b"
"md","enterprise-agentic-development","bmm","bmm/docs/enterprise-agentic-development.md","4f524577d6a2e76023916cf53d514dbe07cf1f092203016d43161b9622cb3741"
"md","epics-template","bmm","bmm/workflows/3-solutioning/create-epics-and-stories/templates/epics-template.md","b8ec5562b2a77efd80c40eba0421bbaab931681552e5a0ff01cd93902c447ff7"
"md","error-handling","bmm","bmm/testarch/knowledge/error-handling.md","8a314eafb31e78020e2709d88aaf4445160cbefb3aba788b62d1701557eb81c1"
"md","faq","bmm","bmm/docs/faq.md","69e4a2ee8701e6c7b1618d2ad2f901095d52b2e705eddc1f4e750d2158e51cf7"
"md","feature-flags","bmm","bmm/testarch/knowledge/feature-flags.md","f6db7e8de2b63ce40a1ceb120a4055fbc2c29454ad8fca5db4e8c065d98f6f49"
"md","file-utils","bmm","bmm/testarch/knowledge/file-utils.md","e0d4e98ca6ec32035ae07a14880c65ab99298e9240404d27a05788c974659e8b"
"md","fixture-architecture","bmm","bmm/testarch/knowledge/fixture-architecture.md","a3b6c1bcaf5e925068f3806a3d2179ac11dde7149e404bc4bb5602afb7392501"
"md","fixtures-composition","bmm","bmm/testarch/knowledge/fixtures-composition.md","8e57a897663a272fd603026aeec76941543c1e09d129e377846726fd405f3a5a"
"md","full-scan-instructions","bmm","bmm/workflows/document-project/workflows/full-scan-instructions.md","6c6e0d77b33f41757eed8ebf436d4def69cd6ce412395b047bf5909f66d876aa"
"md","glossary","bmm","bmm/docs/glossary.md","b58d0ca4dfea78372fcd4e904f8a3dc0f222900dfb1b4e51aa36c997264cf6f0"
"md","index","bmm","bmm/docs/index.md","261b940a39646fb290aaac293efa30b2b2ef80bab5292ff29bcb4f2194c77eea"
"md","index-template","bmm","bmm/workflows/document-project/templates/index-template.md","42c8a14f53088e4fda82f26a3fe41dc8a89d4bcb7a9659dd696136378b64ee90"
"md","instructions","bmm","bmm/workflows/4-implementation/correct-course/instructions.md","bd56efff69b1c72fbd835cbac68afaac043cf5004d021425f52935441a3c779d"
"md","instructions","bmm","bmm/workflows/4-implementation/retrospective/instructions.md","8f92b6b5b2c475cdb6f84e08dcdff5607248e76d627712e01ddcd55c0c0cb329"
"md","instructions","bmm","bmm/workflows/4-implementation/sprint-planning/instructions.md","8ac972eb08068305223e37dceac9c3a22127062edae2692f95bc16b8dbafa046"
"md","instructions","bmm","bmm/workflows/4-implementation/sprint-status/instructions.md","8f883c7cf59460012b855465c7cbc896f0820afb11031c2b1b3dd514ed9f4b63"
"md","instructions","bmm","bmm/workflows/bmad-quick-flow/create-tech-spec/instructions.md","ff42165eea4e8d15a2b1d4b2722f585819b602c813b6bb1d1692a126c4e49cfc"
"md","instructions","bmm","bmm/workflows/document-project/instructions.md","faba39025e187c6729135eccf339ec1e08fbdc34ad181583de8161d3d805aaaf"
"md","instructions","bmm","bmm/workflows/excalidraw-diagrams/create-dataflow/instructions.md","e43d05aaf6a1e881ae42e73641826b70e27ea91390834901f18665b524bbff77"
"md","instructions","bmm","bmm/workflows/excalidraw-diagrams/create-diagram/instructions.md","5d41c1e5b28796f6844645f3c1e2e75bb80f2e1576eb2c1f3ba2894cbf4a65e8"
"md","instructions","bmm","bmm/workflows/excalidraw-diagrams/create-flowchart/instructions.md","9647360dc08e6e8dcbb634620e8a4247add5b22fad7a3bd13ef79683f31b9d77"
"md","instructions","bmm","bmm/workflows/excalidraw-diagrams/create-wireframe/instructions.md","d0ddbb8f4235b28af140cc7b5210c989b4b126f973eb539e216ab10d4bbc2410"
"md","instructions","bmm","bmm/workflows/testarch/atdd/instructions.md","8b22d80ff61fd90b4f8402d5b5ab69d01a2c9f00cc4e1aa23aef49720db9254b"
"md","instructions","bmm","bmm/workflows/testarch/automate/instructions.md","6611e6abc114f68c16f3121dc2c2a2dcfefc355f857099b814b715f6d646a81c"
"md","instructions","bmm","bmm/workflows/testarch/ci/instructions.md","8cc49d93e549eb30952320b1902624036d23e92a6bbaf3f012d2a18dc67a9141"
"md","instructions","bmm","bmm/workflows/testarch/framework/instructions.md","902212128052de150753ce0cabb9be0423da782ba280c3b5c198bc16e8ae7eb3"
"md","instructions","bmm","bmm/workflows/testarch/nfr-assess/instructions.md","6a4ef0830a65e96f41e7f6f34ed5694383e0935a46440c77a4a29cbfbd5f75f9"
"md","instructions","bmm","bmm/workflows/testarch/test-design/instructions.md","b332c20fbc8828b2ebd34aad2f36af88ce1ce1d8a8c7c29412329c9f8884de9a"
"md","instructions","bmm","bmm/workflows/testarch/test-review/instructions.md","f1dfb61f7a7d9e584d398987fdcb8ab27b4835d26b6a001ca4611b8a3da4c32d"
"md","instructions","bmm","bmm/workflows/testarch/trace/instructions.md","233cfb6922fe0f7aaa3512fcda08017b0f89de663f66903474b0abf2e1d01614"
"md","instructions","bmm","bmm/workflows/workflow-status/init/instructions.md","1756a94b8dbb365b920e3911cffef4ca844484e5f817996a1994e36e62bd8ce8"
"md","instructions","bmm","bmm/workflows/workflow-status/instructions.md","97a6a61b1b392b5fb945c2d21d9fd2ac1e1c725658b0137467c3f8b3fb6804c4"
"md","intercept-network-call","bmm","bmm/testarch/knowledge/intercept-network-call.md","fb551cb0cefe3c062c28ae255a121aaae098638ec35a16fcdba98f670887ab6a"
"md","log","bmm","bmm/testarch/knowledge/log.md","b6267716ccbe6f9e2cc1b2b184501faeb30277bc8546206a66f31500c52381d0"
"md","network-error-monitor","bmm","bmm/testarch/knowledge/network-error-monitor.md","0380eb6df15af0a136334ad00cf44c92c779f311b07231f5aa6230e198786799"
"md","network-first","bmm","bmm/testarch/knowledge/network-first.md","2920e58e145626f5505bcb75e263dbd0e6ac79a8c4c2ec138f5329e06a6ac014"
"md","network-recorder","bmm","bmm/testarch/knowledge/network-recorder.md","9f120515cc377c4c500ec0b5fff0968666a9a4edee03a328d92514147d50f073"
"md","nfr-criteria","bmm","bmm/testarch/knowledge/nfr-criteria.md","e63cee4a0193e4858c8f70ff33a497a1b97d13a69da66f60ed5c9a9853025aa1"
"md","nfr-report-template","bmm","bmm/workflows/testarch/nfr-assess/nfr-report-template.md","229bdabe07577d24679eb9d42283b353dbde21338157188d8f555fdef200b91c"
"md","overview","bmm","bmm/testarch/knowledge/overview.md","79a12311d706fe55c48f72ef51c662c6f61a54651b3b76a3c7ccc87de6ebbf03"
"md","party-mode","bmm","bmm/docs/party-mode.md","9f42ef2dbf155931891dd321eaa8786624cdc5253917bd83b7fa68a6e63daad5"
"md","playwright-config","bmm","bmm/testarch/knowledge/playwright-config.md","42516511104a7131775f4446196cf9e5dd3295ba3272d5a5030660b1dffaa69f"
"md","prd-template","bmm","bmm/workflows/2-plan-workflows/prd/prd-template.md","77e54c1f7e16986be40c8ff411e954894492ef678fd21f310dd77e62d87b5315"
"md","probability-impact","bmm","bmm/testarch/knowledge/probability-impact.md","446dba0caa1eb162734514f35366f8c38ed3666528b0b5e16c7f03fd3c537d0f"
"md","product-brief.template","bmm","bmm/workflows/1-analysis/create-product-brief/product-brief.template.md","ae0f58b14455efd75a0d97ba68596a3f0b58f350cd1a0ee5b1af69540f949781"
"md","project-context-template","bmm","bmm/data/project-context-template.md","34421aed3e0ad921dc0c0080297f3a2299735b00a25351de589ada99dae56559"
"md","project-context-template","bmm","bmm/workflows/generate-project-context/project-context-template.md","54e351394ceceb0ac4b5b8135bb6295cf2c37f739c7fd11bb895ca16d79824a5"
"md","project-overview-template","bmm","bmm/workflows/document-project/templates/project-overview-template.md","a7c7325b75a5a678dca391b9b69b1e3409cfbe6da95e70443ed3ace164e287b2"
"md","quick-flow-solo-dev","bmm","bmm/docs/quick-flow-solo-dev.md","3cbb54cbb090bf1cdad01f747289ebdf4bbdfdd3ffa5633d8d1c91393d124ba4"
"md","quick-spec-flow","bmm","bmm/docs/quick-spec-flow.md","105d027fd633e782e6f6fa96fb9d8917f7a96e26698650a5d12c67126bbf7be7"
"md","quick-start","bmm","bmm/docs/quick-start.md","ce51d20d685b745a4addfebcf507b1272f15bff829cacd0060ae6b0c25ba8da5"
"md","readiness-report-template","bmm","bmm/workflows/3-solutioning/check-implementation-readiness/templates/readiness-report-template.md","0da97ab1e38818e642f36dc0ef24d2dae69fc6e0be59924dc2dbf44329738ff6"
"md","README","bmm","bmm/README.md","b8ecaf85ec51d8baec3a933f5c163772b6b71ca6a612fdad0e9f09d21f601a70"
"md","README","bmm","bmm/data/README.md","352c44cff4dd0e5a90cdf6781168ceb57f5a78eaabddcd168433d8784854e4fb"
"md","README","bmm","bmm/docs/images/README.md","53f8c4c5bc7c499332df10683dc7a2fdd9b086304f422def938fed70ffb2ef23"
"md","recurse","bmm","bmm/testarch/knowledge/recurse.md","19056fb5b7e5e626aad81277b3e5eec333f2aed36a17aea6c7d8714a5460c8b2"
"md","research.template","bmm","bmm/workflows/1-analysis/research/research.template.md","507bb6729476246b1ca2fca4693986d286a33af5529b6cd5cb1b0bb5ea9926ce"
"md","risk-governance","bmm","bmm/testarch/knowledge/risk-governance.md","2fa2bc3979c4f6d4e1dec09facb2d446f2a4fbc80107b11fc41cbef2b8d65d68"
"md","scale-adaptive-system","bmm","bmm/docs/scale-adaptive-system.md","cf3f885c9822ec7a5740cc7bc7597c58a3d2c22d8b20342a8bc8d7397ef4c1f1"
"md","selective-testing","bmm","bmm/testarch/knowledge/selective-testing.md","c14c8e1bcc309dbb86a60f65bc921abf5a855c18a753e0c0654a108eb3eb1f1c"
"md","selector-resilience","bmm","bmm/testarch/knowledge/selector-resilience.md","a55c25a340f1cd10811802665754a3f4eab0c82868fea61fea9cc61aa47ac179"
"md","source-tree-template","bmm","bmm/workflows/document-project/templates/source-tree-template.md","109bc335ebb22f932b37c24cdc777a351264191825444a4d147c9b82a1e2ad7a"
"md","step-01-discover","bmm","bmm/workflows/generate-project-context/steps/step-01-discover.md","a0506a143dca0e4b54ea2c2d02e88087c86fa81dae7ce0e7f20ca9ac8364342e"
"md","step-01-document-discovery","bmm","bmm/workflows/3-solutioning/check-implementation-readiness/steps/step-01-document-discovery.md","996b1e711c8f7965f15dc162e0cca970eb6e851aba43ae446fdebdd4d549dca1"
"md","step-01-init","bmm","bmm/workflows/1-analysis/create-product-brief/steps/step-01-init.md","f8c76ea57beaa57894609138f8ed2f9b9e4861a5ba40914d94991cca60ae797d"
"md","step-01-init","bmm","bmm/workflows/1-analysis/research/domain-steps/step-01-init.md","c880668be8190af4db0df42cf1609097c747478b048b6ba2554fc7044444a3b3"
"md","step-01-init","bmm","bmm/workflows/1-analysis/research/market-steps/step-01-init.md","e47f961651ad449964cbbd16f39f0a34b2e7ffa0da7e9d06a8a361329e2d7ba1"
"md","step-01-init","bmm","bmm/workflows/1-analysis/research/technical-steps/step-01-init.md","4d6ed6afc591c556dda2284265960cf74ea7e8c4d65108edb3278043fc915ef1"
"md","step-01-init","bmm","bmm/workflows/2-plan-workflows/create-ux-design/steps/step-01-init.md","fb56f5e048c7b5d58526be0b384c8322d1103140ad7c92eda743c43094adcb4f"
"md","step-01-init","bmm","bmm/workflows/2-plan-workflows/prd/steps/step-01-init.md","8dcbe07f80a7baa8b0c86bc7969c2805c7f2dbeed7949cf239d7f092d54fb316"
"md","step-01-init","bmm","bmm/workflows/3-solutioning/create-architecture/steps/step-01-init.md","9b94ea14c1444cc0077e19aade32784edc090363b6ecc5eef2323db4a01663ba"
"md","step-01-mode-detection","bmm","bmm/workflows/bmad-quick-flow/quick-dev/steps/step-01-mode-detection.md","7d8e0016ac16645d4783c57c4c211c9ff0d2d00c58e19cf90775c580f4a653d3"
"md","step-01-validate-prerequisites","bmm","bmm/workflows/3-solutioning/create-epics-and-stories/steps/step-01-validate-prerequisites.md","b77674a62eb044079c46b1505186faf6f8c293230d0d2b6236f81ed742198a9e"
"md","step-01b-continue","bmm","bmm/workflows/1-analysis/create-product-brief/steps/step-01b-continue.md","42a4d41f3a521b8ffc73deb9cf24e1b8e6f09aa95c1ee78c966e2dec4d40424a"
"md","step-01b-continue","bmm","bmm/workflows/2-plan-workflows/create-ux-design/steps/step-01b-continue.md","e897baf661717873e781abfea7b0f30dc0fc5668e8dfb87511f8d848e4429e78"
"md","step-01b-continue","bmm","bmm/workflows/2-plan-workflows/prd/steps/step-01b-continue.md","bab319a701f91e148fc724403addf0fd32e8c0cce8821fca34e6fd01853fec98"
"md","step-01b-continue","bmm","bmm/workflows/3-solutioning/create-architecture/steps/step-01b-continue.md","4188f4abe9674b83108571317f8be8e35fc95d51d156397827dded6ef7429213"
"md","step-02-context","bmm","bmm/workflows/3-solutioning/create-architecture/steps/step-02-context.md","b655c8bee5e050030d25a37d54f9b9d80819fc9ea35925298c12c4c8b27dac19"
"md","step-02-context-gathering","bmm","bmm/workflows/bmad-quick-flow/quick-dev/steps/step-02-context-gathering.md","8de307668f74892657c2b09f828a3b626b62a479fb72c0280c68ed0e25803896"
"md","step-02-customer-behavior","bmm","bmm/workflows/1-analysis/research/market-steps/step-02-customer-behavior.md","fb25681e5e731736df99f7a3cc3ecf3181d8faea0a872fb5b5d3bdc3d98c3266"
"md","step-02-customer-insights","bmm","bmm/workflows/1-analysis/research/market-steps/step-02-customer-insights.md","3c516f4958f55f9732838238a45948987a7a88cab14c9c469f5d03a1f5b4a375"
"md","step-02-design-epics","bmm","bmm/workflows/3-solutioning/create-epics-and-stories/steps/step-02-design-epics.md","3230a10767c6209556038caadb0b313f20dcc050cd365cb1e0a249391aaa9c52"
"md","step-02-discovery","bmm","bmm/workflows/2-plan-workflows/create-ux-design/steps/step-02-discovery.md","23ec9acb00c36fd3335e5ae1454281cc753c8a36a611aeb0032b4e80364edeb2"
"md","step-02-discovery","bmm","bmm/workflows/2-plan-workflows/prd/steps/step-02-discovery.md","5c0ea0a94227fee583e822312e231c181744f50cf13276b38c31198401a6ad05"
"md","step-02-domain-analysis","bmm","bmm/workflows/1-analysis/research/domain-steps/step-02-domain-analysis.md","f0281c46b50151af72d28bf71fbf70e451b89b01dd1e0607d5c4c8d45a9fe9a3"
"md","step-02-generate","bmm","bmm/workflows/generate-project-context/steps/step-02-generate.md","d50d349ae0c5ea8d468c6d2c4165f19b539bea4c82a75221a22d737a7a7548a8"
"md","step-02-prd-analysis","bmm","bmm/workflows/3-solutioning/check-implementation-readiness/steps/step-02-prd-analysis.md","810da0e16d516204ed660b4c610f157b2d6bd6a70728ecfe70b382ec011a60cc"
"md","step-02-technical-overview","bmm","bmm/workflows/1-analysis/research/technical-steps/step-02-technical-overview.md","dfef6c9c0054dbf4a9faf43a7f577a0296a69ab1a1e2fe9aa64affdad3dee84b"
"md","step-02-vision","bmm","bmm/workflows/1-analysis/create-product-brief/steps/step-02-vision.md","6480ae69db1b774af807e1262eeb1d5d0bf70e811c2fea0c349250ebe885c324"
"md","step-03-competitive-landscape","bmm","bmm/workflows/1-analysis/research/domain-steps/step-03-competitive-landscape.md","bdb6b7ad4157c50fe5cb7b87aaa332a32f2581468afda783dec77efb1761805d"
"md","step-03-complete","bmm","bmm/workflows/generate-project-context/steps/step-03-complete.md","d64001850546d3776e6d2c6b652eed4060382eea6b57994fceaef791e3026d9e"
"md","step-03-core-experience","bmm","bmm/workflows/2-plan-workflows/create-ux-design/steps/step-03-core-experience.md","8171a34ea6335962b5c32b4245deed502fde22c2d128ca84a4cacbbb152b317b"
"md","step-03-create-stories","bmm","bmm/workflows/3-solutioning/create-epics-and-stories/steps/step-03-create-stories.md","225f0adf188e9cdda100d722dccbb56f46a63e94e5e27ee6dd359379d72fecb0"
"md","step-03-customer-pain-points","bmm","bmm/workflows/1-analysis/research/market-steps/step-03-customer-pain-points.md","63f5e16bf31da6a377812744fcc03fc886e6e84f30685d383836c688466049ff"
"md","step-03-epic-coverage-validation","bmm","bmm/workflows/3-solutioning/check-implementation-readiness/steps/step-03-epic-coverage-validation.md","ab9c45ae88620b2a13c4411097d623d3bc47ee42fecda9aacbb7d768d3fd47f2"
"md","step-03-execute","bmm","bmm/workflows/bmad-quick-flow/quick-dev/steps/step-03-execute.md","dc340c8c7ac0819ae8442c3838e0ea922656ad7967ea110a8bf0ff80972d570a"
"md","step-03-integration-patterns","bmm","bmm/workflows/1-analysis/research/technical-steps/step-03-integration-patterns.md","516d5543ebe5f9004dc6ff7e09428704cbb85baf5aa33f2693d57515f43cc43e"
"md","step-03-starter","bmm","bmm/workflows/3-solutioning/create-architecture/steps/step-03-starter.md","e28014a7c4989020747636ff0a932cc0ddbfd3536ee10149e2f98640a3454fd5"
"md","step-03-success","bmm","bmm/workflows/2-plan-workflows/prd/steps/step-03-success.md","90e92e1eb933136177fbb1c3c580d3595e04b28c556ceed174c902d079590f26"
"md","step-03-users","bmm","bmm/workflows/1-analysis/create-product-brief/steps/step-03-users.md","3eb7e35e384b34d4bcb96d5036f006f6c11b1c70d77def171571b6b8ba5ff284"
"md","step-04-architectural-patterns","bmm","bmm/workflows/1-analysis/research/technical-steps/step-04-architectural-patterns.md","9e7d6107622625fa95ad2de6cbfdeb6b52864e78a4dcf3707d1f6202c53c4851"
"md","step-04-customer-decisions","bmm","bmm/workflows/1-analysis/research/market-steps/step-04-customer-decisions.md","79b952a9d41819dfd448a058525450e7894a8d6bf15dbbbcfd60d6698c24db94"
"md","step-04-decisions","bmm","bmm/workflows/3-solutioning/create-architecture/steps/step-04-decisions.md","d1b5f9a9731edec83d33e2342477321766dcc6e7a2333775428606d302793a53"
"md","step-04-emotional-response","bmm","bmm/workflows/2-plan-workflows/create-ux-design/steps/step-04-emotional-response.md","295c42d427e933c3d90fae4208555fff6aa980140907aabc6a800004405bcdac"
"md","step-04-final-validation","bmm","bmm/workflows/3-solutioning/create-epics-and-stories/steps/step-04-final-validation.md","94a6f4de0dbfa9b04e9cab32d48ce33f954ec89e2cae2f5de7dda532ea6c660b"
"md","step-04-journeys","bmm","bmm/workflows/2-plan-workflows/prd/steps/step-04-journeys.md","259b6dfc344996e62e0e5533e6f1872a4ebeba8e7f61111abb49a4e96c1c6fed"
"md","step-04-metrics","bmm","bmm/workflows/1-analysis/create-product-brief/steps/step-04-metrics.md","1388df4b38073eeeddcc2c53d9d5721c748ba14445837939deeb57b84edf06a1"
"md","step-04-regulatory-focus","bmm","bmm/workflows/1-analysis/research/domain-steps/step-04-regulatory-focus.md","6fd786eb13f598569dca4e1b75f9d21b9be97721219c89743c08d7f7779c9c26"
"md","step-04-self-check","bmm","bmm/workflows/bmad-quick-flow/quick-dev/steps/step-04-self-check.md","444c02d8f57cd528729c51d77abf51ca8918ac5c65f3dcf269b21784f5f6920c"
"md","step-04-ux-alignment","bmm","bmm/workflows/3-solutioning/check-implementation-readiness/steps/step-04-ux-alignment.md","368baa4359eed216301a0fcaa2ca4571bf78fc0a94a6d344e01ef9e295885427"
"md","step-05-adversarial-review","bmm","bmm/workflows/bmad-quick-flow/quick-dev/steps/step-05-adversarial-review.md","688d132f4c22973b4bde13e8a7f74691a0abea90df524f163cdd6e36800bda00"
"md","step-05-competitive-analysis","bmm","bmm/workflows/1-analysis/research/market-steps/step-05-competitive-analysis.md","5e6053df3323fdb561871881989d33e696fd43270cfed98c0064e409031f42b4"
"md","step-05-domain","bmm","bmm/workflows/2-plan-workflows/prd/steps/step-05-domain.md","96f69467e4eb291f00eddb140e7f0dfe4663ef2d5efc2bb355394ff7636b849c"
"md","step-05-epic-quality-review","bmm","bmm/workflows/3-solutioning/check-implementation-readiness/steps/step-05-epic-quality-review.md","7d4b1a887036bcb6d830c8285981dc11d4224d10198e0efc4af47881cb1e9482"
"md","step-05-implementation-research","bmm","bmm/workflows/1-analysis/research/technical-steps/step-05-implementation-research.md","f8067535a667f5e367e85844599ef92848872bdb57bff1dfcdad3aefb1c6512a"
"md","step-05-inspiration","bmm","bmm/workflows/2-plan-workflows/create-ux-design/steps/step-05-inspiration.md","ce5a9fb42dd1476ef652db7e8d1953e6259a23fefab165dd70d6506df8c68e03"
"md","step-05-patterns","bmm","bmm/workflows/3-solutioning/create-architecture/steps/step-05-patterns.md","fe0e0e1a15e76fc67a38ab6a4466dda92415a181383c43d95b0607fccf36da5e"
"md","step-05-scope","bmm","bmm/workflows/1-analysis/create-product-brief/steps/step-05-scope.md","1cbdcf2eecaaa934c410e00fe971538085cbb666a0ab42d6134980308aa73425"
"md","step-05-technical-trends","bmm","bmm/workflows/1-analysis/research/domain-steps/step-05-technical-trends.md","4923fbc706e69ff2fdff372284e103ad1db5c9ed7486a77a00f9c494a90966a6"
"md","step-06-complete","bmm","bmm/workflows/1-analysis/create-product-brief/steps/step-06-complete.md","06487341c692b2c568174231a6fdfae7553f7977978f7e074cb80849985d89bd"
"md","step-06-design-system","bmm","bmm/workflows/2-plan-workflows/create-ux-design/steps/step-06-design-system.md","973c6af05561a75d5a2a4752cacec243a3a4ddc8489fda9f32759b73ea00c991"
"md","step-06-final-assessment","bmm","bmm/workflows/3-solutioning/check-implementation-readiness/steps/step-06-final-assessment.md","df87cbc28951d8e505bf4f3f90e546ce0aef20b2b258270d023eca6907d266b8"
"md","step-06-innovation","bmm","bmm/workflows/2-plan-workflows/prd/steps/step-06-innovation.md","b0f871079cf847e56f53de9a52094ff1fd212ee3e720d4c8509a0e8fd8a59619"
"md","step-06-research-completion","bmm","bmm/workflows/1-analysis/research/market-steps/step-06-research-completion.md","72d52d60cb2eb00402b96f64f3d44f252326f6b7c713dfe73c6a055325919f18"
"md","step-06-research-synthesis","bmm","bmm/workflows/1-analysis/research/domain-steps/step-06-research-synthesis.md","b8c29bb261f3cfe2ec06d69c4c2fbce4fb945f628168143d33667a5295648b49"
"md","step-06-research-synthesis","bmm","bmm/workflows/1-analysis/research/technical-steps/step-06-research-synthesis.md","78d3cdb130563cf819baf397bdc8dd27159264be74d86d3ec83795aa78bffde3"
"md","step-06-resolve-findings","bmm","bmm/workflows/bmad-quick-flow/quick-dev/steps/step-06-resolve-findings.md","ad5d90b4f753fec9d2ba6065cbf4e5fa6ef07b013504a573a0edea5dcc16e180"
"md","step-06-structure","bmm","bmm/workflows/3-solutioning/create-architecture/steps/step-06-structure.md","de9cd6652b6aa3e7a7e5c7d0f602697837e7f786d07b1570d8c478eef47772e9"
"md","step-07-defining-experience","bmm","bmm/workflows/2-plan-workflows/create-ux-design/steps/step-07-defining-experience.md","b7f64ce2eaec847f2f5f0b6fa212c15e45bc42ceedc5f73ca03da36e3f452655"
"md","step-07-project-type","bmm","bmm/workflows/2-plan-workflows/prd/steps/step-07-project-type.md","7ea12686fc1ee3ca09de1f530ada648684423b777a81daf1c421ca17bf192372"
"md","step-07-validation","bmm","bmm/workflows/3-solutioning/create-architecture/steps/step-07-validation.md","3ecf76f8ef76a54aba15f7bbf644f5190cc121c6afae2e8d7d5031c6acbcd345"
"md","step-08-complete","bmm","bmm/workflows/3-solutioning/create-architecture/steps/step-08-complete.md","dc6ed222655460f804d7c529a8657e3ea297e36b70ca387f7c3cbd592e733790"
"md","step-08-scoping","bmm","bmm/workflows/2-plan-workflows/prd/steps/step-08-scoping.md","256156b1c0799bff65be7db07560dbd5a5de0df77410829ab931d70c6b13eddd"
"md","step-08-visual-foundation","bmm","bmm/workflows/2-plan-workflows/create-ux-design/steps/step-08-visual-foundation.md","6c5c4dc11eea69c52055b9484aebe429ea228750cc8c0f93a8fac33fc1efd689"
"md","step-09-design-directions","bmm","bmm/workflows/2-plan-workflows/create-ux-design/steps/step-09-design-directions.md","0ce43aa38cad69a311900295d0696d071d4f3b11b561261a3921d774de5cb3d3"
"md","step-09-functional","bmm","bmm/workflows/2-plan-workflows/prd/steps/step-09-functional.md","53c3dd42db07e8269393a3ee5e9e0b14e4d3b443d737e8cfd298d8610c30bb04"
"md","step-10-nonfunctional","bmm","bmm/workflows/2-plan-workflows/prd/steps/step-10-nonfunctional.md","275ec5254f9328dd9e26d399fda157739562e83b31d947cc192efa46405560d0"
"md","step-10-user-journeys","bmm","bmm/workflows/2-plan-workflows/create-ux-design/steps/step-10-user-journeys.md","e10b5cbb0b2a09a47c532d88419475e5e11a3d8b9dae3032e6f67c83d418d2b1"
"md","step-11-complete","bmm","bmm/workflows/2-plan-workflows/prd/steps/step-11-complete.md","924851a41ae629c5c8360054350a3e56fc79ce58e5878769583df458dcf7d2dc"
"md","step-11-component-strategy","bmm","bmm/workflows/2-plan-workflows/create-ux-design/steps/step-11-component-strategy.md","829bf9bfcd29ca747d83045ed9e8dc77e36e49c5e3b5933bb6835f7e6d953aa3"
"md","step-12-ux-patterns","bmm","bmm/workflows/2-plan-workflows/create-ux-design/steps/step-12-ux-patterns.md","feebd5ecef91d20eec13c6958e04d2bf8045b630ab0c39d8a02494a00cb98926"
"md","step-13-responsive-accessibility","bmm","bmm/workflows/2-plan-workflows/create-ux-design/steps/step-13-responsive-accessibility.md","18db2bd64c66f7491a1aa44f3c8592f56765a4a697dd5f9d545237df7859685f"
"md","step-14-complete","bmm","bmm/workflows/2-plan-workflows/create-ux-design/steps/step-14-complete.md","46d567d973218ecbd73ad11b0097dda50390a9aa50679692cd76e7ddeeb200fb"
"md","template","bmm","bmm/workflows/4-implementation/create-story/template.md","29ba697368d77e88e88d0e7ac78caf7a78785a7dcfc291082aa96a62948afb67"
"md","test-architecture","bmm","bmm/docs/test-architecture.md","9f63c9164c9c85ccbc7c53114d2c375db72654b4d3387387d5536547f9bd865b"
"md","test-design-template","bmm","bmm/workflows/testarch/test-design/test-design-template.md","be2c766858684f5afce7c140f65d6d6e36395433938a866dea09da252a723822"
"md","test-healing-patterns","bmm","bmm/testarch/knowledge/test-healing-patterns.md","b44f7db1ebb1c20ca4ef02d12cae95f692876aee02689605d4b15fe728d28fdf"
"md","test-levels-framework","bmm","bmm/testarch/knowledge/test-levels-framework.md","80bbac7959a47a2e7e7de82613296f906954d571d2d64ece13381c1a0b480237"
"md","test-priorities-matrix","bmm","bmm/testarch/knowledge/test-priorities-matrix.md","321c3b708cc19892884be0166afa2a7197028e5474acaf7bc65c17ac861964a5"
"md","test-quality","bmm","bmm/testarch/knowledge/test-quality.md","97b6db474df0ec7a98a15fd2ae49671bb8e0ddf22963f3c4c47917bb75c05b90"
"md","test-review-template","bmm","bmm/workflows/testarch/test-review/test-review-template.md","b476bd8ca67b730ffcc9f11aeb63f5a14996e19712af492ffe0d3a3d1a4645d2"
"md","timing-debugging","bmm","bmm/testarch/knowledge/timing-debugging.md","c4c87539bbd3fd961369bb1d7066135d18c6aad7ecd70256ab5ec3b26a8777d9"
"md","trace-template","bmm","bmm/workflows/testarch/trace/trace-template.md","148b715e7b257f86bc9d70b8e51b575e31d193420bdf135b32dd7bd3132762f3"
"md","troubleshooting","bmm","bmm/docs/troubleshooting.md","e301f7463cc34d95cf66aa8fcc356924a658ae7e9beb6f3366b8b7c35fbf7766"
"md","ux-design-template","bmm","bmm/workflows/2-plan-workflows/create-ux-design/ux-design-template.md","ffa4b89376cd9db6faab682710b7ce755990b1197a8b3e16b17748656d1fca6a"
"md","visual-debugging","bmm","bmm/testarch/knowledge/visual-debugging.md","072a3d30ba6d22d5e628fc26a08f6e03f8b696e49d5a4445f37749ce5cd4a8a9"
"md","workflow","bmm","bmm/workflows/1-analysis/create-product-brief/workflow.md","09f24c579989fe45ad36becafc63b5b68f14fe2f6d8dd186a9ddfb0c1f256b7b"
"md","workflow","bmm","bmm/workflows/1-analysis/research/workflow.md","196f2ab211b8e375cbfba2282f20fbe41b951bd9ece0dba18661131563fe2012"
"md","workflow","bmm","bmm/workflows/2-plan-workflows/create-ux-design/workflow.md","ede26e0d7302cd748be93274e5f65f7422e577926e766bb3386b1e252311dc4c"
"md","workflow","bmm","bmm/workflows/2-plan-workflows/prd/workflow.md","61ee19516527d0a400ad958326bd77340b8e4d2efc45f3c118e588a1a53e91b8"
"md","workflow","bmm","bmm/workflows/3-solutioning/check-implementation-readiness/workflow.md","ed36aa4b1248aa6a7bae0de284159071de891a2ac44d82a88c0f940d3e3bb2c5"
"md","workflow","bmm","bmm/workflows/3-solutioning/create-architecture/workflow.md","4adfa25849107a8b95beb975d0f0e7a8591dd25d401906297e3c0a70e5939eae"
"md","workflow","bmm","bmm/workflows/3-solutioning/create-epics-and-stories/workflow.md","2ca790a6fa598a8b094dc14716a903b2b30b5eb97193933052c359858fe2aa6d"
"md","workflow","bmm","bmm/workflows/bmad-quick-flow/quick-dev/workflow.md","fe583e130c2590ba32caa89c5460790fffedf6597fd60f852d999f698def24b4"
"md","workflow","bmm","bmm/workflows/generate-project-context/workflow.md","8ad4ad82e6d5b283fc3a5ccc0040528fc2acfd1bcc723111d44c6bee2b5a0a64"
"md","workflow-architecture-reference","bmm","bmm/docs/workflow-architecture-reference.md","36efd4e3d74d1739455e896e62b7711bf4179c572f1eef7a7fae7f2385adcc6d"
"md","workflow-document-project-reference","bmm","bmm/docs/workflow-document-project-reference.md","41494bc70df72c8a87c291a2683288a781f810e73d2489fd0cad6a8121a9d36c"
"md","workflows-analysis","bmm","bmm/docs/workflows-analysis.md","351e7375bd1ac13ae6a4125091f13b3c10dfdada984252fc773f4128f2db110d"
"md","workflows-implementation","bmm","bmm/docs/workflows-implementation.md","b2fd9cb2fd44d38718832b1349c3b116d590fc5fe6294bdb2c1987362c474139"
"md","workflows-planning","bmm","bmm/docs/workflows-planning.md","be3e0347cb26380b4f978c7311efc033b01bd416c8cfbac4e3dec940ca99b2b4"
"md","workflows-solutioning","bmm","bmm/docs/workflows-solutioning.md","09e38cfe555cd48039cdd33c168c860c4f43df5308fcf0def9061746ce3454a0"
"svg","workflow-method-greenfield","bmm","bmm/docs/images/workflow-method-greenfield.svg","f0ce562d058e6edb114a8ae8bc51fa6a71394c08c0ac16aae07d959c88c6dcca"
"xml","instructions","bmm","bmm/workflows/4-implementation/code-review/instructions.xml","80d43803dced84f1e754d8690fb6da79e5b21a68ca8735b9c0ff709c49ac31ff"
"xml","instructions","bmm","bmm/workflows/4-implementation/create-story/instructions.xml","713b38a3ee0def92380ca97196d3457f68b8da60b78d2e10fc366c35811691fb"
"xml","instructions","bmm","bmm/workflows/4-implementation/dev-story/instructions.xml","d01f9b168f5ef2b4aaf7e1c2fad8146dacfa0ea845b101da80db688e1817cefb"
"yaml","config","bmm","bmm/config.yaml","372a31455fb08ddb6f9372104dea3ef1df5d9c017b12c8097231fb999e10b99a"
"yaml","deep-dive","bmm","bmm/workflows/document-project/workflows/deep-dive.yaml","a16b5d121604ca00fffdcb04416daf518ec2671a3251b7876c4b590d25d96945"
"yaml","enterprise-brownfield","bmm","bmm/workflows/workflow-status/paths/enterprise-brownfield.yaml","04a43e86f644949302cd5d4d801fb2ccdbb0f66b75609bc1fa712fd5c3bce675"
"yaml","enterprise-greenfield","bmm","bmm/workflows/workflow-status/paths/enterprise-greenfield.yaml","20bda9331b02335c24f1686aab29183801d5de6cd40cadb4fd7472ee643cc8ab"
"yaml","excalidraw-templates","bmm","bmm/workflows/excalidraw-diagrams/_shared/excalidraw-templates.yaml","ca6e4ae85b5ab16df184ce1ddfdf83b20f9540db112ebf195cb793017f014a70"
"yaml","full-scan","bmm","bmm/workflows/document-project/workflows/full-scan.yaml","8ba79b190733006499515d9d805f4eacd90a420ffc454e04976948c114806c25"
"yaml","github-actions-template","bmm","bmm/workflows/testarch/ci/github-actions-template.yaml","cf7d1f0a1f2853b07df1b82b00ebe79f800f8f16817500747b7c4c9c7143aba7"
"yaml","gitlab-ci-template","bmm","bmm/workflows/testarch/ci/gitlab-ci-template.yaml","986f29817e04996ab9f80bf2de0d25d8ed2365d955cc36d5801afaa93e99e80b"
"yaml","method-brownfield","bmm","bmm/workflows/workflow-status/paths/method-brownfield.yaml","35365c7af516ba2205d16e19a656695890e53678613bf835d490c338b7467b59"
"yaml","method-greenfield","bmm","bmm/workflows/workflow-status/paths/method-greenfield.yaml","9f84ab40aa4c7984fd4e948f3f55823066e94fcbf1d16d207aee2a731e5c38ba"
"yaml","project-levels","bmm","bmm/workflows/workflow-status/project-levels.yaml","ffa9fb3b32d81617bb8718689a5ff5774d2dff6c669373d979cc38b1dc306966"
"yaml","sprint-status-template","bmm","bmm/workflows/4-implementation/sprint-planning/sprint-status-template.yaml","de75fe50bd5e3f4410ccc99fcd3f5dc958733b3829af1b13b4d7b0559bbca22b"
"yaml","team-fullstack","bmm","bmm/teams/team-fullstack.yaml","da8346b10dfad8e1164a11abeb3b0a84a1d8b5f04e01e8490a44ffca477a1b96"
"yaml","workflow","bmm","bmm/workflows/4-implementation/code-review/workflow.yaml","637532da3bba8f36cb887a5f51cdd6009e00e55dcf90585879cd40c07489c786"
"yaml","workflow","bmm","bmm/workflows/4-implementation/correct-course/workflow.yaml","fd61662b22f5ff1d378633b47837eb9542e433d613fbada176a9d61de15c2961"
"yaml","workflow","bmm","bmm/workflows/4-implementation/create-story/workflow.yaml","a196fae24481e164bea6c0fdba7fbbaaf7cb48f4240d1ec148623f0ece298d8d"
"yaml","workflow","bmm","bmm/workflows/4-implementation/dev-story/workflow.yaml","270cb47b01e5a49d497c67f2c2605b808a943daf2b34ee60bc726ff78ac217b3"
"yaml","workflow","bmm","bmm/workflows/4-implementation/retrospective/workflow.yaml","633386dc86763d0f8153ecaf727a96c65775b2eaf9ce4d7bef8df8baf61b28e9"
"yaml","workflow","bmm","bmm/workflows/4-implementation/sprint-planning/workflow.yaml","3038e7488b67303814d95ebbb0f28a225876ec2e3224fdaa914485f5369a44bf"
"yaml","workflow","bmm","bmm/workflows/4-implementation/sprint-status/workflow.yaml","92c50c478b87cd5c339cdb38399415977f58785b4ae82f7948ba16404fa460cf"
"yaml","workflow","bmm","bmm/workflows/bmad-quick-flow/create-tech-spec/workflow.yaml","a8fb07d79cacc4d79c29e02094af60541298508b546efe720b1c1b4475eb1c29"
"yaml","workflow","bmm","bmm/workflows/document-project/workflow.yaml","82e731ea08217480958a75304558e767654d8a8262c0ec1ed91e81afd3135ed5"
"yaml","workflow","bmm","bmm/workflows/excalidraw-diagrams/create-dataflow/workflow.yaml","a845be912077a9c80fb3f3e2950c33b99139a2ae22db9c006499008ec2fa3851"
"yaml","workflow","bmm","bmm/workflows/excalidraw-diagrams/create-diagram/workflow.yaml","bac0e13f796b4a4bb2a3909ddef230f0cd1712a0163b6fe72a2966eed8fc87a9"
"yaml","workflow","bmm","bmm/workflows/excalidraw-diagrams/create-flowchart/workflow.yaml","a8f6e3680d2ec51c131e5cd57c9705e5572fe3e08c536174da7175e07cce0c5d"
"yaml","workflow","bmm","bmm/workflows/excalidraw-diagrams/create-wireframe/workflow.yaml","88ce19aff63a411583756cd0254af2000b6aac13071204dc9aef61aa137a51ef"
"yaml","workflow","bmm","bmm/workflows/testarch/atdd/workflow.yaml","671d3319e80fffb3dedf50ccda0f3aea87ed4de58e6af679678995ca9f5262b0"
"yaml","workflow","bmm","bmm/workflows/testarch/automate/workflow.yaml","3d49eaca0024652b49f00f26f1f1402c73874eb250431cb5c1ce1d2eddc6520b"
"yaml","workflow","bmm","bmm/workflows/testarch/ci/workflow.yaml","e42067278023d4489a159fdbf7a863c69345e3d3d91bf9af8dcff49fd14f0e6d"
"yaml","workflow","bmm","bmm/workflows/testarch/framework/workflow.yaml","857b92ccfa185c373ebecd76f3f57ca84a4d94c8c2290679d33010f58e1ed9e1"
"yaml","workflow","bmm","bmm/workflows/testarch/nfr-assess/workflow.yaml","24a0e0e6124c3206775e43bd7ed4e1bfba752e7d7a0590bbdd73c2e9ce5a06ec"
"yaml","workflow","bmm","bmm/workflows/testarch/test-design/workflow.yaml","30a9371f2ea930e7e68b987570be524b2e9d104c40c28e818a89e12985ba767a"
"yaml","workflow","bmm","bmm/workflows/testarch/test-review/workflow.yaml","d64517e211eceb8e5523da19473387e642c5178d5850f92b1aa5dc3fea6a6685"
"yaml","workflow","bmm","bmm/workflows/testarch/trace/workflow.yaml","0ba5d014b6209cc949391de9f495465b7d64d3496e1972be48b2961c8490e6f5"
"yaml","workflow","bmm","bmm/workflows/workflow-status/init/workflow.yaml","c3ac4692fa8c04de3ccbf8fab3805dcf4c01c792fb55abc57f66e73201b35786"
"yaml","workflow","bmm","bmm/workflows/workflow-status/workflow.yaml","390e733bee776aaf0312c5990cdfdb2d65c4f7f56001f428b8baddeb3fe8f0fe"
"yaml","workflow-status-template","bmm","bmm/workflows/workflow-status/workflow-status-template.yaml","0ec9c95f1690b7b7786ffb4ab10663c93b775647ad58e283805092e1e830a0d9"
"csv","advanced-elicitation-methods","core","core/tasks/advanced-elicitation-methods.csv","e08b2e22fec700274982e37be608d6c3d1d4d0c04fa0bae05aa9dba2454e6141"
"csv","brain-methods","core","core/workflows/brainstorming/brain-methods.csv","0ab5878b1dbc9e3fa98cb72abfc3920a586b9e2b42609211bb0516eefd542039"
"md","excalidraw-helpers","core","core/resources/excalidraw/excalidraw-helpers.md","37f18fa0bd15f85a33e7526a2cbfe1d5a9404f8bcb8febc79b782361ef790de4"
"md","library-loader","core","core/resources/excalidraw/library-loader.md","7837112bd0acb5906870dff423a21564879d49c5322b004465666a42c52477ab"
"md","README","core","core/resources/excalidraw/README.md","72de8325d7289128f1c8afb3b0eea867ba90f4c029ca42e66a133cd9f92c285d"
"md","step-01-agent-loading","core","core/workflows/party-mode/steps/step-01-agent-loading.md","ebdeac5e67a5c9bde93cd1750963c0f0b0f354c19ccf922f9d681e6ae425d729"
"md","step-01-session-setup","core","core/workflows/brainstorming/steps/step-01-session-setup.md","943118388f1cb81eda922240a944cff84517388298ead6b9e02f917432d8bf31"
"md","step-01b-continue","core","core/workflows/brainstorming/steps/step-01b-continue.md","9d531b012f85a2a7c3ddd94a2adeb8189eab24c370d099dbabb1bd6e33b3a9cb"
"md","step-02-discussion-orchestration","core","core/workflows/party-mode/steps/step-02-discussion-orchestration.md","1f0a6ca96139f522cc26ce6fdf78b4f94297201a53f06c30fb30e65717957cfb"
"md","step-02a-user-selected","core","core/workflows/brainstorming/steps/step-02a-user-selected.md","24158414bfe6daa46c94e6e43a9ec3a8d9a6dfe1b2a5bd8b719d06c775dcc73d"
"md","step-02b-ai-recommended","core","core/workflows/brainstorming/steps/step-02b-ai-recommended.md","68774e344cdcffbbd8fd9c5bec5bbe4cfd5297eb9734fc542606831becc38441"
"md","step-02c-random-selection","core","core/workflows/brainstorming/steps/step-02c-random-selection.md","24b54de6ed3a3b0b87a23a28a69a5fa73e8bf9fb80353fb12db8258c1e29ac95"
"md","step-02d-progressive-flow","core","core/workflows/brainstorming/steps/step-02d-progressive-flow.md","34b53545f18cd26db8bff81072e1c6b38efe031969e72d79c7efa2814f3b9073"
"md","step-03-graceful-exit","core","core/workflows/party-mode/steps/step-03-graceful-exit.md","c07d1b5c3b4d48e8903872f24654e96f8cadd1d08202be3f5c2e381aa664e9bb"
"md","step-03-technique-execution","core","core/workflows/brainstorming/steps/step-03-technique-execution.md","a0f7ef0d58ccf21c1e10b9ab221f8dbcc8ddc0c09b322da3863996e8731b6409"
"md","step-04-idea-organization","core","core/workflows/brainstorming/steps/step-04-idea-organization.md","2a7f516d0e598ec3462795b1e5fe2bf2f3745276ca6ae609eed5562bacf46b0d"
"md","template","core","core/workflows/brainstorming/template.md","5c99d76963eb5fc21db96c5a68f39711dca7c6ed30e4f7d22aedee9e8bb964f9"
"md","validate-json-instructions","core","core/resources/excalidraw/validate-json-instructions.md","0970bac93d52b4ee591a11998a02d5682e914649a40725d623489c77f7a1e449"
"md","workflow","core","core/workflows/brainstorming/workflow.md","81f29e8e5d2dc6cd0ad2d9821b1908ad026cfb389246fb3621234eed369dc4fa"
"md","workflow","core","core/workflows/party-mode/workflow.md","5f0f9cd9533115cde2c645e2b46c150080b8262fce9b91078af3f424bbf26bf3"
"xml","advanced-elicitation","core","core/tasks/advanced-elicitation.xml","c6dbc901671bcdf0c1d28e5cd388c958577bf255c7a3922302602fd3b981b2ee"
"xml","index-docs","core","core/tasks/index-docs.xml","13ffd40ccaed0f05b35e4f22255f023e77a6926e8a2f01d071b0b91a4c942812"
"xml","review-adversarial-general","core","core/tasks/review-adversarial-general.xml","05466fd1a0b207dd9987ba1e8674b40060025b105ba51f5b49fe852c44e51f12"
"xml","shard-doc","core","core/tools/shard-doc.xml","f71987855cabb46bd58a63a4fd356efb0739a272ab040dd3c8156d7f538d7caf"
"xml","validate-workflow","core","core/tasks/validate-workflow.xml","539e6f1255efbb62538598493e4083496dc0081d3c8989c89b47d06427d98f28"
"xml","workflow","core","core/tasks/workflow.xml","38a94a0926acfdcd0fe80694d8ca551a2ce3237b203bffd562064f1b8d89a68b"
"yaml","config","core","core/config.yaml","09a9fd17d0c9e141a69275e62fc1374ad0ea4abff731e898baed459abb961177"
